id,sigla,ementa,dataApresentacao,situacao,urlInteiroTeor,arquivo
2600748,PL 255/2026,Dispõe sobre o reconhecimento e a proteção jurídica dos animais comunitários.,2026-02-04T10:45,Aguardando Parecer,https://www.camara.leg.br/proposicoesWeb/prop_mostrarintegra?codteor=3078349,pls/documentos/PL_255_2026.pdf
2600769,PL 261/2026,"Reconhece a criação legalizada de passeriformes como atividade lícita de relevante interesse cultural, ambiental e social e institui o Dia Nacional dos Criadores Preservacionistas de Passeriformes.",2026-02-04T11:19,Aguardando Designação de Relator(a),https://www.camara.leg.br/proposicoesWeb/prop_mostrarintegra?codteor=3078387,pls/documentos/PL_261_2026.pdf
2601747,PL 415/2026,"Institui diretrizes nacionais para o tratamento e a gestão ambientalmente adequada do chorume, dos resíduos sólidos urbanos e dos lodos gerados em Estações de Tratamento de Água e Estações de Tratamento de Esgoto; estabelece regras de controle, monitoramento e rastreabilidade ambiental; define prazos de adequação; e dá outras providências.",2026-02-09T19:10,Aguardando Designação de Relator(a),https://www.camara.leg.br/proposicoesWeb/prop_mostrarintegra?codteor=3080475,pls/documentos/PL_415_2026.pdf
2602983,PL 561/2026,Institui o “Disque Animal” para recebimento de denúncias de maus-tratos contra animais e dá outras providências.,2026-02-12T23:21,Aguardando Parecer,https://www.camara.leg.br/proposicoesWeb/prop_mostrarintegra?codteor=3083524,pls/documentos/PL_561_2026.pdf
2604632,PL 742/2026,"Proíbe a pulverização aérea de agrotóxicos em todo o território nacional, estabelece medidas de proteção à saúde humana, ao meio ambiente, aos recursos hídricos e às comunidades expostas, e dá outras providências.",2026-02-25T12:13,Tramitando em Conjunto,https://www.camara.leg.br/proposicoesWeb/prop_mostrarintegra?codteor=3087806,pls/documentos/PL_742_2026.pdf
2604702,PL 752/2026,Institui a Política Nacional de Justiça Climática e Proteção de Populações Vulneráveis aos Impactos das Mudanças Climáticas e dá outras providências.,2026-02-25T13:44,Tramitando em Conjunto,https://www.camara.leg.br/proposicoesWeb/prop_mostrarintegra?codteor=3087953,pls/documentos/PL_752_2026.pdf
2604798,PL 770/2026,"Institui o Programa Nacional de Solidariedade Veterinária, destinado ao recebimento de doações, reaproveitamento e distribuição gratuita de medicamentos, vacinas, insumos e rações para animais domésticos, e dá outras providências.",2026-02-25T16:42,Pronta para Pauta,https://www.camara.leg.br/proposicoesWeb/prop_mostrarintegra?codteor=3088210,pls/documentos/PL_770_2026.pdf
2606668,PL 42/2026,"Altera a Lei Complementar nº 214, de 16 de janeiro de 2025, para dispor sobre os limites de alíquotas do Imposto Seletivo.",2026-03-04T12:07,Aguardando Despacho do Presidente da Câmara dos Deputados (Chancela),https://www.camara.leg.br/proposicoesWeb/prop_mostrarintegra?codteor=3092037,pls/documentos/PL_42_2026.pdf
2607411,PL 993/2026,"Altera a Lei nº 6.938, de 31 de agosto de 1981, para incluir referência ao sistema climático na obrigação de indenizar ou reparar danos ambientais.",2026-03-06T14:19,Tramitando em Conjunto,https://www.camara.leg.br/proposicoesWeb/prop_mostrarintegra?codteor=3093842,pls/documentos/PL_993_2026.pdf
2612789,PL 1502/2026,"Institui a Política Nacional de Justiça Climática e de Combate ao Racismo Ambiental; cria o Fundo Nacional de Adaptação e Reparação Climática; define conceitos, princípios e instrumentos de proteção às populações vulneráveis (incluindo recorte racial e territorial para povos indígenas, quilombolas e comunidades tradicionais); disciplina mapeamento e indicadores de vulnerabilidade socioambiental, critérios prioritários de acesso a recursos, políticas de reassentamento assistido, seguros públicos e programas de recuperação de renda; exige avaliação prévia de impacto socioambiental e de justiça climática para projetos e políticas públicas; institui mecanismos de participação e controle social, sistema de monitoramento, auditoria e sanções administrativas e financeiras para omissões ou descumprimento; e dá outras providências.",2026-03-30T17:28,Tramitando em Conjunto,https://www.camara.leg.br/proposicoesWeb/prop_mostrarintegra?codteor=3106856,pls/documentos/PL_1502_2026.pdf
2613442,PL 182/2026,"Susta os efeitos da Portaria GM/MMA nº 1.643, de 30 de março de 2026, que institui Comitê Gestor vinculado ao Plano de Letramento em Gênero, Raça e Diversidade no Trabalho.",2026-04-06T14:18,Aguardando Despacho do Presidente da Câmara dos Deputados (Chancela),https://www.camara.leg.br/proposicoesWeb/prop_mostrarintegra?codteor=3108680,pls/documentos/PL_182_2026.pdf
2617160,PL 21/2026,Institui o Prêmio Câmara Ambiental e Desenvolvimento Sustentável e dá outras providências.,2026-04-16T14:30,Arquivada,https://www.camara.leg.br/proposicoesWeb/prop_mostrarintegra?codteor=3115216,pls/documentos/PL_21_2026.pdf
2617407,PL 253/2026,"Susta os efeitos do Decreto nº 12.888, de 23 de março de 2026, que Cria a Reserva de Desenvolvimento Sustentável Córregos dos Vales do Norte de Minas, localizada nos Municípios de Riacho dos Machados e de Serranópolis de Minas, Estado de Minas Gerais.",2026-04-17T16:11,Aguardando Despacho do Presidente da Câmara dos Deputados (Chancela),https://www.camara.leg.br/proposicoesWeb/prop_mostrarintegra?codteor=3115919,pls/documentos/PL_253_2026.pdf
2617563,PL 261/2026,"Susta o Decreto nº 12.888, de 23 de março de 2026, que “Cria a Reserva de Desenvolvimento Sustentável Córregos dos Vales do Norte de Minas”, localizada nos municípios de Riacho dos Machados e de Serranópolis de Minas, estado de Minas Gerais”.",2026-04-22T13:50,Aguardando Despacho do Presidente da Câmara dos Deputados (Chancela),https://www.camara.leg.br/proposicoesWeb/prop_mostrarintegra?codteor=3116221,pls/documentos/PL_261_2026.pdf
2617675,PL 263/2026,"Susta os efeitos da Portaria GM/MMA nº 1.424, de 24 de junho de 2025, que reconhece o denominado Corredor Ecológico Carajás–Bacajá, no Estado do Pará.",2026-04-22T16:00,Aguardando Despacho do Presidente da Câmara dos Deputados (Chancela),https://www.camara.leg.br/proposicoesWeb/prop_mostrarintegra?codteor=3116479,pls/documentos/PL_263_2026.pdf
2617687,PL 1928/2026,"Dispõe sobre a apreensão, o processo administrativo de perdimento e a destinação de bens, mercadorias e meios de transporte utilizados em infrações à defesa agropecuária federal, e dá outras providências.",2026-04-22T16:23,Aguardando Designação de Relator(a),https://www.camara.leg.br/proposicoesWeb/prop_mostrarintegra?codteor=3116505,pls/documentos/PL_1928_2026.pdf
2620150,PL 271/2026,"Susta os efeitos da Portaria nº 76, de 27 de abril de 2026, do Instituto Brasileiro do Meio Ambiente e dos Recursos Naturais Renováveis – IBAMA, que aprova a Agenda Regulatória para o biênio 2026-2027.",2026-04-29T19:28,Aguardando Despacho do Presidente da Câmara dos Deputados (Chancela),https://www.camara.leg.br/proposicoesWeb/prop_mostrarintegra?codteor=3120937,pls/documentos/PL_271_2026.pdf
2621577,PL 352/2026,"Susta os efeitos das Portarias GM/MMA nº 1.666 e 1.667, de 27 de abril de 2026, do Ministério do Meio Ambiente e Mudança do Clima, que classificam o tambaqui (Colossoma macropomum) como espécie Vulnerável e restringem sua captura, transporte e comercialização provenientes dos rios amazônicos.",2026-05-05T17:24,Aguardando Despacho do Presidente da Câmara dos Deputados (Chancela),https://www.camara.leg.br/proposicoesWeb/prop_mostrarintegra?codteor=3123439,pls/documentos/PL_352_2026.pdf
2623342,PL 385/2026,"Susta os efeitos da Portaria GM/MMA nº 1.666, de 27 de abril de 2026, do Ministério do Meio Ambiente e Mudança do Clima, que estabelece regras e restrições aplicáveis às espécies de peixes e invertebrados aquáticos da fauna brasileira ameaçadas de extinção constantes da Lista Nacional Oficial de Espécies da Fauna Ameaçadas de Extinção – Peixes e Invertebrados Aquáticos.",2026-05-11T12:04,Aguardando Despacho do Presidente da Câmara dos Deputados (Chancela),https://www.camara.leg.br/proposicoesWeb/prop_mostrarintegra?codteor=3126679,pls/documentos/PL_385_2026.pdf
2627589,PL 2586/2026,"Dispõe sobre a integridade da informação sobre clima e meio ambiente, sobre o enfrentamento da desinformação climática e ambiental e altera as Leis nº 6.938, de 31 de agosto de 1981 (PNMA) e nº 12.608, de 10 de abril de 2012 (PNPDEC).",2026-05-25T23:23,Aguardando Designação de Relator(a),https://www.camara.leg.br/proposicoesWeb/prop_mostrarintegra?codteor=3136421,pls/documentos/PL_2586_2026.pdf
2628469,PL 2670/2026,"Dispõe sobre o combate ao tráfico internacional de animais silvestres e aos maus-tratos, estabelece normas sobre a apreensão de animais, o perdimento de bens e valores, a investigação patrimonial, a cooperação institucional e internacional, a destinação de recursos e a proteção da fauna em infraestrutura viária.",2026-05-27T17:48,Aguardando Parecer,https://www.camara.leg.br/proposicoesWeb/prop_mostrarintegra?codteor=3138469,pls/documentos/PL_2670_2026.pdf
2628944,PL 490/2026,"Susta os efeitos da Portaria GM/MMA nº 1.666, de 27 de abril de 2026, do Ministério do Meio Ambiente e Mudança do Clima.",2026-05-28T15:42,Aguardando Despacho do Presidente da Câmara dos Deputados (Chancela),https://www.camara.leg.br/proposicoesWeb/prop_mostrarintegra?codteor=3139223,pls/documentos/PL_490_2026.pdf
2630291,PL 566/2026,"Susta, nos termos do art. 49, inciso V, da Constituição Federal, o art. 24 da Portaria Interministerial MPA/MMA nº 51, de 27 de fevereiro de 2026 que estabelece o limite de captura, as cotas de captura por modalidade de permissionamento e por área de pesca, e as medidas de registro, monitoramento e controle associadas para a espécie tainha (Mugil liza), para a temporada de 2026, nas regiões Sudeste e Sul do Brasil.",2026-06-08T14:50,Aguardando Despacho do Presidente da Câmara dos Deputados (Chancela),https://www.camara.leg.br/proposicoesWeb/prop_mostrarintegra?codteor=3142642,pls/documentos/PL_566_2026.pdf
2630349,PL 567/2026,"Susta os efeitos da Portaria Interministerial MPA/MMA nº 51, de 27 de fevereiro de 2026, na parte em que estabelece cotas de captura para a modalidade de pesca artesanal de arrasto de praia da tainha (Mugil liza).",2026-06-08T16:39,Aguardando Despacho do Presidente da Câmara dos Deputados (Chancela),https://www.camara.leg.br/proposicoesWeb/prop_mostrarintegra?codteor=3142736,pls/documentos/PL_567_2026.pdf
2630350,PL 568/2026,Susta os efeitos da Portaria Interministerial MPA/MMA nº 26/2025.,2026-06-08T16:44,Aguardando Despacho do Presidente da Câmara dos Deputados (Chancela),https://www.camara.leg.br/proposicoesWeb/prop_mostrarintegra?codteor=3142737,pls/documentos/PL_568_2026.pdf
2630764,PL 2973/2026,"Institui a Política Nacional de Segurança Ambiental e Produtiva do Pantanal, reconhece a pecuária sustentável como atividade estratégica de conservação e prevenção de incêndios, e dá outras providências.",2026-06-09T18:44,Aguardando Designação de Relator(a),https://www.camara.leg.br/proposicoesWeb/prop_mostrarintegra?codteor=3143668,pls/documentos/PL_2973_2026.pdf
2631241,PL 3002/2026,"Dispõe sobre a limpeza de pastagem em áreas rurais consolidadas, estabelece critérios objetivos para sua realização, disciplina a autodeclaração ambiental, limita a discricionariedade administrativa e dá outras providências.",2026-06-10T13:17,Aguardando Designação de Relator(a),https://www.camara.leg.br/proposicoesWeb/prop_mostrarintegra?codteor=3144276,pls/documentos/PL_3002_2026.pdf
2631691,PL 608/2026,"Susta os efeitos da Portaria Interministerial MPA/MMA nº 51, de 27 de fevereiro de 2026, dos Ministérios da Pesca e Aquicultura e do Meio Ambiente.",2026-06-10T19:19,Aguardando Despacho do Presidente da Câmara dos Deputados (Chancela),https://www.camara.leg.br/proposicoesWeb/prop_mostrarintegra?codteor=3144987,pls/documentos/PL_608_2026.pdf
2631702,PL 171/2026,"Altera a Lei Complementar nº 64, de 18 de maio de 1990, para estabelecer hipótese de inelegibilidade em decorrência de condenação, em decisão transitada em julgado ou proferida por órgão judicial colegiado, por dano grave ou irreversível ao meio ambiente ou à saúde pública.",2026-06-10T20:31,Aguardando Despacho do Presidente da Câmara dos Deputados (Chancela),https://www.camara.leg.br/proposicoesWeb/prop_mostrarintegra?codteor=3144998,pls/documentos/PL_171_2026.pdf
2632301,PL 1367/2026,"Abre crédito extraordinário, em favor do Ministério do Meio Ambiente e Mudança do Clima, no valor de R$ 337.483.432,00, para os fins que especifica.",2026-06-15T00:00,Aguardando Apreciação pelo Senado Federal,https://www.camara.leg.br/proposicoesWeb/prop_mostrarintegra?codteor=3157740,pls/documentos/PL_1367_2026.pdf
2632569,PL 611/2026,"Susta os efeitos do Decreto nº 13.013, de 10 de junho de 2026, que altera o Decreto nº 10.224, de 5 de fevereiro de 2020, que regulamenta a Lei nº 7.797, de 10 de julho de 1989, que cria o Fundo Nacional do Meio Ambiente – FNMA.",2026-06-16T10:49,Aguardando Despacho do Presidente da Câmara dos Deputados (Chancela),https://www.camara.leg.br/proposicoesWeb/prop_mostrarintegra?codteor=3147130,pls/documentos/PL_611_2026.pdf
2633830,PL 3192/2026,"Institui obrigações de prevenção e mitigação de mortalidade de fauna silvestre em infraestruturas hídricas artificiais destinadas à irrigação e à reservação de água para fins agropecuários, incluindo a instalação de estruturas de fuga para fauna e de passagens de fauna sobre canais e adutoras descobertas; cria o Cadastro Nacional de Acidentes com Fauna em Infraestruturas Hídricas Artificiais; altera a Lei nº 12.787, de 11 de janeiro de 2013, e a Lei nº 9.605, de 12 de fevereiro de 1998.",2026-06-17T18:25,Aguardando Encaminhamento,https://www.camara.leg.br/proposicoesWeb/prop_mostrarintegra?codteor=3149306,pls/documentos/PL_3192_2026.pdf
2634637,PL 684/2026,"Susta os efeitos do Decreto nº 13.013, de 10 de junho de 2026, que altera o Decreto nº 10.224, de 5 de fevereiro de 2020, que regulamenta a Lei nº 7.797, de 10 de julho de 1989, que cria o Fundo Nacional do Meio Ambiente – FNMA.",2026-06-22T14:42,Aguardando Despacho do Presidente da Câmara dos Deputados (Autorização),https://www.camara.leg.br/proposicoesWeb/prop_mostrarintegra?codteor=3151298,pls/documentos/PL_684_2026.pdf
2635549,PL 3336/2026,"Altera a Lei nº 15.282, de 9 de dezembro de 2025, para estender às Organizações Estaduais de Pesquisa Agropecuária - Oepas a isenção do pagamento de taxas, contribuições por serviços prestados e demais cobranças incidentes sobre pedidos de registro e proteção de experimentos de pesquisa, produtos e tecnologias geradas.",2026-06-30T14:05,Aguardando Designação de Relator(a),https://www.camara.leg.br/proposicoesWeb/prop_mostrarintegra?codteor=3154091,pls/documentos/PL_3336_2026.pdf
2636490,PL 3424/2026,"Institui a Lei Emprego Local e Contrapartida Social nos Grandes Empreendimentos, cria a Política Nacional de Contrapartida Social, Empregabilidade Local e Qualificação Profissional nos empreendimentos de significativo impacto ambiental sujeitos ao licenciamento ambiental federal, estabelece diretrizes para priorização da contratação de trabalhadores residentes nos municípios diretamente impactados, condiciona benefícios federais à adoção de plano de empregabilidade local e dá outras providências.",2026-07-01T17:54,Aguardando Despacho do Presidente da Câmara dos Deputados (Chancela),https://www.camara.leg.br/proposicoesWeb/prop_mostrarintegra?codteor=3155442,pls/documentos/PL_3424_2026.pdf
2637101,PL 1375/2026,"Amplia o rol de Carreiras e Planos Especiais de Cargos cujos ocupantes fazem jus à indenização de que trata a Lei nº 12.855, de 2 de setembro de 2013, altera a Lei nº 15.367, de 30 de março de 2026, para admitir que as pessoas de que tratam o art. 6º da Emenda Constitucional nº 79, de 27 de maio de 2014, e o art. 6º da Emenda Constitucional nº 98, de 6 de dezembro de 2017, exerçam o direito de opção de que tratam os art. 52 a art. 54 da referida Lei, e transforma cargos efetivos vagos.",2026-07-03T00:00,,https://www.camara.leg.br/proposicoesWeb/prop_mostrarintegra?codteor=3157732,pls/documentos/PL_1375_2026.pdf
2637609,PL 3522/2026,"Altera a redação da Lei nº 12.334, de 20 de setembro de 2010, para dispor sobre a declaração de emergência em barragens pelo empreendedor, as medidas emergenciais de proteção das pessoas e da natureza e o exercício de poder de polícia administrativa do órgão fiscalizador.",2026-07-07T13:37,Aguardando Designação de Relator(a),https://www.camara.leg.br/proposicoesWeb/prop_mostrarintegra?codteor=3157931,pls/documentos/PL_3522_2026.pdf
2637765,PL 3535/2026,"Altera a Lei nº 13.675, de 2018, para determinar o uso de tecnologias de segurança pública no combate a crimes contra os animais.",2026-07-07T17:43,,https://www.camara.leg.br/proposicoesWeb/prop_mostrarintegra?codteor=3158213,pls/documentos/PL_3535_2026.pdf
2640652,PL 3977/2026,"Altera a Lei nº 6.938, de 31 de agosto de 1981, que dispõe sobre a Política Nacional do Meio Ambiente, para aprimorar os instrumentos de estabelecimento dos padrões nacionais de qualidade do ar, fixar parâmetros internacionais de referência e prever o regramento de metas progressivas de transição e responsabilidade federativa.",2026-07-17T18:05,,https://www.camara.leg.br/proposicoesWeb/prop_mostrarintegra?codteor=3164406,pls/documentos/PL_3977_2026.pdf
2640845,PL 4165/2026,"Altera a Lei nº 6.938, de 31 de agosto de 1981, que dispõe sobre a Política Nacional do Meio Ambiente, para incluir a reparação fundiária e cultural de povos indígenas entre as diretrizes de compensação por impactos ambientais e sociais.",2026-07-17T18:21,,https://www.camara.leg.br/proposicoesWeb/prop_mostrarintegra?codteor=3164603,pls/documentos/PL_4165_2026.pdf
2640971,PL 4290/2026,"Altera a Lei nº 6.938, de 31 de agosto de 1981, para aprimorar o procedimento de Avaliação de Impacto Ambiental em empreendimentos de grande porte nos Biomas Amazônia e Cerrado, dispondo sobre a análise de impactos cumulativos e sinérgicos e a Consulta Prévia, Livre e Informada.",2026-07-17T18:22,,https://www.camara.leg.br/proposicoesWeb/prop_mostrarintegra?codteor=3164738,pls/documentos/PL_4290_2026.pdf
2641590,PL 41/2026,"Estabelece a exigência de discussão e votação presenciais, no Plenário da Câmara dos Deputados, das matérias de alta relevância socioambiental.",2026-07-24T13:32,Aguardando Autorização do Despacho,https://www.camara.leg.br/proposicoesWeb/prop_mostrarintegra?codteor=3166117,pls/documentos/PL_41_2026.pdf
2642302,PL 4943/2026,"Institui pensão especial aos filhos e dependentes crianças ou adolescentes, órfãos em razão do homicídio de liderança indígena e/ou de pessoa defensora dos territórios e do meio ambiente e dá outras providências.",2026-08-07T17:14,Aguardando Autorização do Despacho,https://www.camara.leg.br/proposicoesWeb/prop_mostrarintegra?codteor=3169520,pls/documentos/PL_4943_2026.pdf
2644764,PL 5209/2026,Estabelece normas gerais específicas para o licenciamento ambiental de centros de dados.,2026-08-28T11:01,,https://www.camara.leg.br/proposicoesWeb/prop_mostrarintegra?codteor=3175457,pls/documentos/PL_5209_2026.pdf
2646290,PL 999/2026,"Susta, nos termos do art. 49, inciso V, da Constituição Federal, os efeitos da Portaria Interministerial MPA/MMA nº 66, de 27 de julho de 2026, que estabelece regras para o uso sustentável e a recuperação dos estoques da espécie pargo (Lutjanus purpureus).",2026-09-09T15:18,Aguardando Autorização do Despacho,https://www.camara.leg.br/proposicoesWeb/prop_mostrarintegra?codteor=3179307,pls/documentos/PL_999_2026.pdf
2646388,PL 1001/2026,"Susta, nos termos do art. 49, inciso V, da Constituição Federal, a aplicação do art. 30 da Instrução Normativa ICMBio nº 9, de 23 de agosto de 2023, por exorbitar dos limites do poder regulamentar.",2026-09-14T10:07,,https://www.camara.leg.br/proposicoesWeb/prop_mostrarintegra?codteor=3180052,pls/documentos/PL_1001_2026.pdf
2482230,PL 50/2025,"Inclui o art. 5º A na Lei nº 6.938, de 31 de agosto de 1981, para dispor sobre as atividades de prospecção e exploração de recursos minerais nos fundos oceânicos, e dá outras providências.",2025-02-03T09:13,Aguardando Designação de Relator(a),https://www.camara.leg.br/proposicoesWeb/prop_mostrarintegra?codteor=2849796,pls/documentos/PL_50_2025.pdf
2482877,PL 257/2025,"Altera a Lei nº 7.797, de 10 de julho de 1989, que cria o Fundo Nacional de Meio Ambiente, para incluir o bem-estar animal entre as prioridades de aplicação dos recursos.",2025-02-04T18:19,Aguardando Designação de Relator(a),https://www.camara.leg.br/proposicoesWeb/prop_mostrarintegra?codteor=2850994,pls/documentos/PL_257_2025.pdf
2482960,PL 276/2025,"Institui a disciplina de Meio Ambiente, Sustentabilidade e Educação Ambiental no currículo das escolas públicas de ensino fundamental e médio, visando promover a conscientização ambiental, a formação cidadã e o desenvolvimento sustentável, e dá outras providências.",2025-02-05T11:54,Tramitando em Conjunto,https://www.camara.leg.br/proposicoesWeb/prop_mostrarintegra?codteor=2851322,pls/documentos/PL_276_2025.pdf
2483070,PL 68/2025,"Anula a PORTARIA MMA/MDA Nº 1.309, DE 4 DE FEVEREIRO DE 2025, que “Dispõe sobre os procedimentos administrativos para reconhecer e regularizar o uso e a ocupação tradicional em áreas de florestas públicas federais não destinadas, localizadas na Amazônia Legal.”",2025-02-05T18:09,Aguardando Parecer,https://www.camara.leg.br/proposicoesWeb/prop_mostrarintegra?codteor=2851627,pls/documentos/PL_68_2025.pdf
2483079,PL 70/2025,"Susta os efeitos da Portaria Conjunta MMA/MDA nº 1.309, de 4 de fevereiro de 2025, que dispõe sobre os procedimentos administrativos para reconhecer e regularizar o uso e a ocupação tradicional em áreas de florestas públicas federais não destinadas, localizadas na Amazônia Legal.",2025-02-05T19:05,,https://www.camara.leg.br/proposicoesWeb/prop_mostrarintegra?codteor=2851652,pls/documentos/PL_70_2025.pdf
2483304,PL 75/2025,"Susta integralmente a Portaria MMA/MDA nº 1.309, de 4 de fevereiro de 2025.",2025-02-07T16:50,,https://www.camara.leg.br/proposicoesWeb/prop_mostrarintegra?codteor=2852805,pls/documentos/PL_75_2025.pdf
2483457,PL 359/2025,"Altera a Lei nº 7.797, de 10 de julho de 1989, e a Lei nº 9.605 de 12 de fevereiro de 1998, para dispor sobre a utilização de recursos do Fundo Nacional do Meio Ambiente para projetos ligados à pesquisa e desenvolvimento (P&D) na produção sustentável de alimentos humanos e rações animais.",2025-02-10T18:20,Pronta para Pauta,https://www.camara.leg.br/proposicoesWeb/prop_mostrarintegra?codteor=2853255,pls/documentos/PL_359_2025.pdf
2483500,PL 366/2025,"Altera a Lei nº 7.797, de 10 de julho de 1989, e a Lei nº 14.944, de 31 de julho de 2024, para dispor sobre medidas para prevenção e combate a incêndios florestais.",2025-02-11T10:32,Aguardando Encaminhamento,https://www.camara.leg.br/proposicoesWeb/prop_mostrarintegra?codteor=2853403,pls/documentos/PL_366_2025.pdf
2484043,PL 31/2025,"Altera a Lei Complementar nº 214 de 16 de janeiro de 2025, que Institui o Imposto sobre Bens e Serviços (IBS), a Contribuição Social sobre Bens e Serviços (CBS) e o Imposto Seletivo (IS); cria o Comitê Gestor do IBS e altera a legislação tributária.",2025-02-14T12:40,Aguardando Designação de Relator(a),https://www.camara.leg.br/proposicoesWeb/prop_mostrarintegra?codteor=2855710,pls/documentos/PL_31_2025.pdf
2485158,PL 627/2025,"Autoriza que um percentual das multas ambientais originadas em áreas de amortecimento de unidades de conservação estaduais e federais seja destinado ao fundo municipal de meio ambiente, e dá outras providências.",2025-02-24T10:15,Aguardando Parecer,https://www.camara.leg.br/proposicoesWeb/prop_mostrarintegra?codteor=2859526,pls/documentos/PL_627_2025.pdf
2485872,PL 110/2025,"Susta o inciso III, do art. 4º, da Portaria Interministerial MPA/MMA n.º 26, de 28 de fevereiro de 2025",2025-03-06T08:26,Aguardando Designação - Aguardando Devolução de Relator(a) que deixou de ser Membro,https://www.camara.leg.br/proposicoesWeb/prop_mostrarintegra?codteor=2863076,pls/documentos/PL_110_2025.pdf
2485922,PL 111/2025,"Susta os efeitos da Portaria Interministerial MPA/MMA Nº 26, de 28 de fevereiro de 2025, que estabelece o limite de captura, as cotas de captura por modalidade e área de pesca, e as medidas de registro, monitoramento e controle associadas, da espécie tainha (Mugil liza), para o ano de 2025, nas regiões Sudeste e Sul do Brasil.",2025-03-06T13:57,Tramitando em Conjunto,https://www.camara.leg.br/proposicoesWeb/prop_mostrarintegra?codteor=2863220,pls/documentos/PL_111_2025.pdf
